{"stats":{"minecraft:picked_up":{"minecraft:sculk_catalyst":12,"minecraft:netherite_boots":1,"minecraft:yellow_shulker_box":3,"minecraft:sandstone":9,"minecraft:ender_dragon_spawn_egg":64,"minecraft:sand":14,"minecraft:netherite_shovel":1,"minecraft:shulker_box":1,"minecraft:purple_shulker_box":5,"minecraft:magenta_shulker_box":2,"minecraft:trident":1,"minecraft:wither_skeleton_skull":1,"minecraft:netherite_pickaxe":1,"minecraft:end_crystal":64,"minecraft:spectral_arrow":64,"minecraft:netherite_leggings":1,"minecraft:string":28,"minecraft:spider_eye":91,"minecraft:elytra":1,"minecraft:flint_and_steel":6,"minecraft:firework_rocket":64,"minecraft:experience_bottle":256,"minecraft:red_shulker_box":2,"minecraft:bow":1,"minecraft:netherite_helmet":1,"minecraft:detector_rail":65,"minecraft:netherite_sword":1,"minecraft:netherite_axe":1,"minecraft:totem_of_undying":2,"minecraft:netherite_chestplate":1,"minecraft:enchanted_golden_apple":65,"minecraft:white_shulker_box":3,"minecraft:blue_shulker_box":1,"minecraft:netherite_hoe":1,"minecraft:soul_sand":1,"minecraft:rail":1,"minecraft:nether_star":2,"minecraft:lime_shulker_box":1},"minecraft:killed_by":{"minecraft:player":1,"minecraft:drowned":1,"minecraft:skeleton":2},"minecraft:used":{"minecraft:warden_spawn_egg":29,"minecraft:red_shulker_box":2,"minecraft:netherite_sword":11,"minecraft:wither_skeleton_skull":127,"minecraft:ender_dragon_spawn_egg":5,"minecraft:yellow_shulker_box":2,"minecraft:zombie_spawn_egg":1,"minecraft:white_shulker_box":2,"minecraft:ender_chest":1,"minecraft:stone":4,"minecraft:purple_shulker_box":3,"minecraft:totem_of_undying":1,"minecraft:sand":8,"minecraft:soul_sand":167,"minecraft:anvil":3,"minecraft:potion":1,"minecraft:blue_shulker_box":1,"minecraft:pink_shulker_box":1,"minecraft:shulker_box":2,"minecraft:magenta_shulker_box":5},"minecraft:killed":{"minecraft:ender_dragon":1,"minecraft:warden":2},"minecraft:dropped":{"minecraft:detector_rail":65,"minecraft:glass_bottle":1,"minecraft:yellow_shulker_box":1,"minecraft:sandstone":9,"minecraft:sand":14,"minecraft:purple_shulker_box":1,"minecraft:white_shulker_box":1,"minecraft:rail":1},"minecraft:custom":{"minecraft:time_since_rest":24520,"minecraft:open_enderchest":17,"minecraft:damage_taken":7495,"minecraft:walk_one_cm":71597,"minecraft:interact_with_anvil":9,"minecraft:mob_kills":3,"minecraft:drop":10,"minecraft:damage_dealt":22620,"minecraft:damage_dealt_absorbed":314,"minecraft:fly_one_cm":201237,"minecraft:player_kills":2,"minecraft:crouch_one_cm":24,"minecraft:open_shulker_box":34,"minecraft:play_time":65744,"minecraft:deaths":7,"minecraft:sneak_time":793,"minecraft:walk_under_water_one_cm":297,"minecraft:jump":274,"minecraft:leave_game":4,"minecraft:walk_on_water_one_cm":1383,"minecraft:time_since_death":24491,"minecraft:total_world_time":65744,"minecraft:climb_one_cm":87}},"DataVersion":3700}