{"stats":{"minecraft:killed_by":{"minecraft:player":1,"minecraft:skeleton":2,"minecraft:drowned":1},"minecraft:custom":{"minecraft:interact_with_anvil":9,"minecraft:mob_kills":59,"minecraft:open_shulker_box":34,"minecraft:leave_game":6,"minecraft:time_since_death":13270,"minecraft:climb_one_cm":281,"minecraft:time_since_rest":13277,"minecraft:open_enderchest":18,"minecraft:damage_taken":7630,"minecraft:walk_one_cm":78402,"minecraft:drop":12,"minecraft:damage_dealt":22820,"minecraft:damage_dealt_absorbed":314,"minecraft:player_kills":2,"minecraft:fly_one_cm":345249,"minecraft:crouch_one_cm":499,"minecraft:play_time":82570,"minecraft:deaths":9,"minecraft:sneak_time":1582,"minecraft:walk_under_water_one_cm":1129,"minecraft:jump":370,"minecraft:walk_on_water_one_cm":5218,"minecraft:total_world_time":82570},"minecraft:dropped":{"minecraft:detector_rail":65,"minecraft:glass_bottle":1,"minecraft:white_shulker_box":1,"minecraft:rail":1,"minecraft:gunpowder":2,"minecraft:yellow_shulker_box":1,"minecraft:sandstone":9,"minecraft:sand":14,"minecraft:purple_shulker_box":1},"minecraft:killed":{"minecraft:ender_dragon":1,"minecraft:creeper":1,"minecraft:zombie":1,"minecraft:silverfish":49,"minecraft:drowned":1,"minecraft:warden":2},"minecraft:used":{"minecraft:trident":20,"minecraft:netherite_sword":12,"minecraft:flint_and_steel":185,"minecraft:wither_skeleton_skull":127,"minecraft:ender_dragon_spawn_egg":5,"minecraft:yellow_shulker_box":2,"minecraft:ender_chest":1,"minecraft:stone":4,"minecraft:purple_shulker_box":3,"minecraft:zombie_spawn_egg":1,"minecraft:white_shulker_box":2,"minecraft:dirt":1,"minecraft:soul_sand":167,"minecraft:sand":8,"minecraft:anvil":3,"minecraft:tnt":365,"minecraft:shulker_box":2,"minecraft:warden_spawn_egg":29,"minecraft:red_shulker_box":2,"minecraft:totem_of_undying":1,"minecraft:potion":1,"minecraft:bow":73,"minecraft:blue_shulker_box":1,"minecraft:pink_shulker_box":1,"minecraft:magenta_shulker_box":5},"minecraft:picked_up":{"minecraft:netherite_boots":1,"minecraft:yellow_shulker_box":3,"minecraft:salmon":1,"minecraft:purple_shulker_box":5,"minecraft:gunpowder":2,"minecraft:wither_skeleton_skull":1,"minecraft:netherite_leggings":1,"minecraft:dirt":94,"minecraft:string":28,"minecraft:elytra":1,"minecraft:smooth_stone_slab":3,"minecraft:flint_and_steel":6,"minecraft:pufferfish":1,"minecraft:experience_bottle":256,"minecraft:stone_bricks":43,"minecraft:cracked_stone_bricks":9,"minecraft:bow":1,"minecraft:netherite_sword":1,"minecraft:detector_rail":65,"minecraft:netherite_axe":1,"minecraft:mossy_stone_bricks":4,"minecraft:enchanted_golden_apple":65,"minecraft:blue_shulker_box":1,"minecraft:soul_sand":1,"minecraft:sculk_catalyst":12,"minecraft:lime_shulker_box":1,"minecraft:sandstone":23,"minecraft:oak_door":1,"minecraft:ender_dragon_spawn_egg":64,"minecraft:gravel":36,"minecraft:sand":221,"minecraft:netherite_shovel":1,"minecraft:diorite":26,"minecraft:magenta_shulker_box":2,"minecraft:trident":1,"minecraft:netherite_pickaxe":1,"minecraft:end_crystal":64,"minecraft:spectral_arrow":64,"minecraft:spider_eye":91,"minecraft:shulker_box":1,"minecraft:firework_rocket":64,"minecraft:red_shulker_box":2,"minecraft:netherite_helmet":1,"minecraft:totem_of_undying":2,"minecraft:netherite_chestplate":1,"minecraft:white_shulker_box":3,"minecraft:netherite_hoe":1,"minecraft:cod":3,"minecraft:rail":1,"minecraft:nether_star":2,"minecraft:cobblestone":30}},"DataVersion":3700}