{"stats":{"minecraft:picked_up":{"minecraft:command_block_minecart":1,"minecraft:seagrass":2,"minecraft:yellow_shulker_box":3,"minecraft:barrier":64,"minecraft:anvil":64,"minecraft:jungle_log":18,"minecraft:structure_block":1,"minecraft:leather":63,"minecraft:flint":1,"minecraft:purple_shulker_box":6,"minecraft:oak_log":10,"minecraft:gunpowder":17,"minecraft:dirt":668,"minecraft:string":6,"minecraft:raw_copper":9,"minecraft:flint_and_steel":25,"minecraft:bone":18,"minecraft:stone_bricks":17,"minecraft:cracked_stone_bricks":3,"minecraft:wheat_seeds":7,"minecraft:detector_rail":67,"minecraft:iron_ingot":1,"minecraft:jungle_sapling":4,"minecraft:mossy_stone_bricks":5,"minecraft:iron_pickaxe":1,"minecraft:sculk_catalyst":5,"minecraft:lime_shulker_box":2,"minecraft:stick":14,"minecraft:sandstone":268,"minecraft:oak_fence":2,"minecraft:torch":11,"minecraft:structure_void":1,"minecraft:sand":672,"minecraft:cherry_log":64,"minecraft:magenta_shulker_box":1,"minecraft:carrot":2,"minecraft:dark_oak_log":128,"minecraft:shulker_box":1,"minecraft:tnt":256,"minecraft:command_block":1,"minecraft:arrow":21,"minecraft:red_shulker_box":3,"minecraft:rotten_flesh":424,"minecraft:beetroot_seeds":3,"minecraft:totem_of_undying":2,"minecraft:white_shulker_box":4,"minecraft:oak_sapling":17,"minecraft:nether_star":36,"minecraft:coal":9,"minecraft:iron_bars":1,"minecraft:rail":11,"minecraft:cobblestone":236,"minecraft:ender_pearl":4},"minecraft:killed_by":{"minecraft:player":2,"minecraft:skeleton":1,"minecraft:creeper":1,"minecraft:zombie":1,"minecraft:drowned":1},"minecraft:used":{"minecraft:zombie_horse_spawn_egg":1,"minecraft:trident":1,"minecraft:netherite_sword":30,"minecraft:wither_skeleton_skull":8,"minecraft:flint_and_steel":42,"minecraft:ender_dragon_spawn_egg":3,"minecraft:yellow_shulker_box":1,"minecraft:elytra":1,"minecraft:ender_chest":2,"minecraft:purple_shulker_box":7,"minecraft:structure_void":1,"minecraft:white_shulker_box":3,"minecraft:anvil":5,"minecraft:soul_sand":12,"minecraft:sand":14,"minecraft:netherite_leggings":1,"minecraft:tnt":501,"minecraft:carrot":1,"minecraft:netherite_helmet":1,"minecraft:mule_spawn_egg":1,"minecraft:lime_shulker_box":3,"minecraft:obsidian":358,"minecraft:warden_spawn_egg":23,"minecraft:ender_eye":13,"minecraft:red_shulker_box":2,"minecraft:barrier":2,"minecraft:netherite_hoe":11,"minecraft:totem_of_undying":1,"minecraft:bedrock":35,"minecraft:netherite_boots":1,"minecraft:bow":69,"minecraft:potion":1,"minecraft:end_crystal":604,"minecraft:grindstone":1,"minecraft:end_portal_frame":13,"minecraft:enchanted_golden_apple":2,"minecraft:experience_bottle":17},"minecraft:killed":{"minecraft:witch":2,"minecraft:spider":5,"minecraft:bat":14,"minecraft:cod":2,"minecraft:creeper":25,"minecraft:squid":3,"minecraft:wither":14,"minecraft:mule":1,"minecraft:skeleton":22,"minecraft:zombie":21,"minecraft:silverfish":113,"minecraft:glow_squid":5,"minecraft:warden":21,"minecraft:turtle":4,"minecraft:tropical_fish":2,"minecraft:enderman":1},"minecraft:custom":{"minecraft:interact_with_anvil":8,"minecraft:mob_kills":367,"minecraft:open_shulker_box":41,"minecraft:interact_with_grindstone":1,"minecraft:leave_game":3,"minecraft:time_since_death":24388,"minecraft:climb_one_cm":126,"minecraft:damage_resisted":866,"minecraft:time_since_rest":24424,"minecraft:damage_absorbed":399,"minecraft:open_enderchest":17,"minecraft:damage_taken":2069,"minecraft:walk_one_cm":76758,"minecraft:drop":141,"minecraft:damage_dealt":74854,"minecraft:fly_one_cm":416305,"minecraft:player_kills":1,"minecraft:crouch_one_cm":570,"minecraft:play_time":99976,"minecraft:deaths":11,"minecraft:sneak_time":2892,"minecraft:aviate_one_cm":4734,"minecraft:jump":461,"minecraft:walk_on_water_one_cm":297,"minecraft:total_world_time":99976,"minecraft:fall_one_cm":7919},"minecraft:dropped":{"minecraft:netherite_pickaxe":1,"minecraft:netherite_hoe":1,"minecraft:cherry_log":128,"minecraft:ender_chest":64,"minecraft:detector_rail":132,"minecraft:tnt":512,"minecraft:netherite_sword":1,"minecraft:lime_shulker_box":1,"minecraft:netherite_helmet":2,"minecraft:netherite_axe":1,"minecraft:netherite_chestplate":1,"minecraft:experience_bottle":257,"minecraft:warden_spawn_egg":1,"minecraft:rotten_flesh":5,"minecraft:spectral_arrow":64,"minecraft:enchanted_golden_apple":65,"minecraft:netherite_shovel":1,"minecraft:elytra":2,"minecraft:white_shulker_box":2,"minecraft:totem_of_undying":2,"minecraft:rail":2,"minecraft:carrot":1,"minecraft:netherite_leggings":2,"minecraft:flint_and_steel":48,"minecraft:dirt":64,"minecraft:red_shulker_box":1,"minecraft:dark_oak_log":128,"minecraft:mangrove_log":64,"minecraft:trident":1,"minecraft:sculk_catalyst":1,"minecraft:yellow_shulker_box":2,"minecraft:netherite_boots":2,"minecraft:end_portal_frame":1,"minecraft:potion":22,"minecraft:bow":1,"minecraft:purple_shulker_box":3,"minecraft:firework_rocket":64,"minecraft:end_crystal":64}},"DataVersion":3700}