{"stats":{"minecraft:picked_up":{"minecraft:yellow_shulker_box":3,"minecraft:leather":63,"minecraft:purple_shulker_box":5,"minecraft:flint_and_steel":25,"minecraft:detector_rail":67,"minecraft:iron_ingot":1,"minecraft:lime_shulker_box":2,"minecraft:sculk_catalyst":4,"minecraft:sand":68,"minecraft:cherry_log":64,"minecraft:magenta_shulker_box":1,"minecraft:shulker_box":1,"minecraft:dark_oak_log":128,"minecraft:tnt":256,"minecraft:red_shulker_box":3,"minecraft:rotten_flesh":179,"minecraft:white_shulker_box":4,"minecraft:rail":1},"minecraft:killed_by":{"minecraft:player":2,"minecraft:skeleton":1,"minecraft:creeper":1,"minecraft:zombie":1,"minecraft:drowned":1},"minecraft:used":{"minecraft:zombie_horse_spawn_egg":1,"minecraft:trident":1,"minecraft:netherite_sword":1,"minecraft:flint_and_steel":2,"minecraft:wither_skeleton_skull":8,"minecraft:ender_dragon_spawn_egg":3,"minecraft:yellow_shulker_box":1,"minecraft:elytra":1,"minecraft:ender_chest":2,"minecraft:structure_void":1,"minecraft:purple_shulker_box":6,"minecraft:white_shulker_box":3,"minecraft:soul_sand":12,"minecraft:sand":14,"minecraft:anvil":2,"minecraft:netherite_leggings":1,"minecraft:netherite_helmet":1,"minecraft:mule_spawn_egg":1,"minecraft:lime_shulker_box":3,"minecraft:obsidian":209,"minecraft:warden_spawn_egg":16,"minecraft:red_shulker_box":2,"minecraft:ender_eye":13,"minecraft:netherite_hoe":11,"minecraft:totem_of_undying":1,"minecraft:netherite_boots":1,"minecraft:bedrock":35,"minecraft:bow":13,"minecraft:potion":1,"minecraft:end_crystal":306,"minecraft:grindstone":1,"minecraft:end_portal_frame":13,"minecraft:enchanted_golden_apple":2,"minecraft:experience_bottle":17},"minecraft:killed":{"minecraft:spider":1,"minecraft:mule":1,"minecraft:skeleton":1,"minecraft:zombie":1,"minecraft:turtle":4,"minecraft:warden":16,"minecraft:enderman":1},"minecraft:custom":{"minecraft:interact_with_anvil":7,"minecraft:mob_kills":25,"minecraft:open_shulker_box":34,"minecraft:interact_with_grindstone":1,"minecraft:leave_game":2,"minecraft:time_since_death":27328,"minecraft:climb_one_cm":126,"minecraft:damage_resisted":866,"minecraft:time_since_rest":27661,"minecraft:damage_taken":2069,"minecraft:open_enderchest":15,"minecraft:walk_one_cm":55385,"minecraft:damage_absorbed":399,"minecraft:drop":133,"minecraft:damage_dealt":13359,"minecraft:fly_one_cm":194030,"minecraft:player_kills":1,"minecraft:crouch_one_cm":87,"minecraft:play_time":69912,"minecraft:deaths":9,"minecraft:sneak_time":686,"minecraft:jump":269,"minecraft:aviate_one_cm":4734,"minecraft:walk_on_water_one_cm":297,"minecraft:total_world_time":69912,"minecraft:fall_one_cm":7919},"minecraft:dropped":{"minecraft:netherite_pickaxe":1,"minecraft:netherite_hoe":1,"minecraft:cherry_log":128,"minecraft:ender_chest":64,"minecraft:detector_rail":132,"minecraft:tnt":512,"minecraft:lime_shulker_box":1,"minecraft:netherite_sword":1,"minecraft:netherite_helmet":2,"minecraft:netherite_axe":1,"minecraft:netherite_chestplate":1,"minecraft:experience_bottle":257,"minecraft:warden_spawn_egg":1,"minecraft:spectral_arrow":64,"minecraft:enchanted_golden_apple":65,"minecraft:netherite_shovel":1,"minecraft:white_shulker_box":2,"minecraft:totem_of_undying":2,"minecraft:elytra":2,"minecraft:rail":2,"minecraft:netherite_leggings":2,"minecraft:flint_and_steel":48,"minecraft:red_shulker_box":1,"minecraft:dark_oak_log":128,"minecraft:mangrove_log":64,"minecraft:trident":1,"minecraft:sculk_catalyst":1,"minecraft:yellow_shulker_box":2,"minecraft:netherite_boots":2,"minecraft:potion":22,"minecraft:purple_shulker_box":3,"minecraft:bow":1,"minecraft:end_crystal":64,"minecraft:firework_rocket":64}},"DataVersion":3700}