{"stats":{"minecraft:killed":{"minecraft:witch":2,"minecraft:spider":5,"minecraft:cod":79,"minecraft:dolphin":2,"minecraft:pufferfish":2,"minecraft:wither":14,"minecraft:skeleton":22,"minecraft:mule":1,"minecraft:silverfish":113,"minecraft:drowned":6,"minecraft:turtle":4,"minecraft:warden":21,"minecraft:tropical_fish":55,"minecraft:bat":14,"minecraft:creeper":25,"minecraft:squid":4,"minecraft:zombie":21,"minecraft:mooshroom":17,"minecraft:glow_squid":5,"minecraft:enderman":1},"minecraft:dropped":{"minecraft:netherite_pickaxe":1,"minecraft:piston":1,"minecraft:cherry_log":128,"minecraft:tnt":512,"minecraft:lime_shulker_box":1,"minecraft:netherite_chestplate":1,"minecraft:netherite_axe":1,"minecraft:netherite_helmet":2,"minecraft:oak_fence":2,"minecraft:warden_spawn_egg":1,"minecraft:spectral_arrow":64,"minecraft:cracked_stone_bricks":3,"minecraft:chiseled_bookshelf":3,"minecraft:elytra":2,"minecraft:rail":2,"minecraft:item_frame":4,"minecraft:red_shulker_box":1,"minecraft:dirt":64,"minecraft:dark_oak_log":128,"minecraft:stone_button":1,"minecraft:sculk_catalyst":1,"minecraft:yellow_shulker_box":2,"minecraft:netherite_boots":2,"minecraft:potion":22,"minecraft:sand":1,"minecraft:end_crystal":64,"minecraft:netherite_hoe":1,"minecraft:lever":1,"minecraft:ender_chest":64,"minecraft:detector_rail":132,"minecraft:sticky_piston":1,"minecraft:netherite_sword":1,"minecraft:obsidian":128,"minecraft:soul_lantern":2,"minecraft:experience_bottle":257,"minecraft:rotten_flesh":5,"minecraft:enchanted_golden_apple":65,"minecraft:netherite_shovel":1,"minecraft:white_shulker_box":2,"minecraft:totem_of_undying":2,"minecraft:carrot":1,"minecraft:netherite_leggings":2,"minecraft:flint_and_steel":56,"minecraft:trident":1,"minecraft:mangrove_log":64,"minecraft:end_portal_frame":1,"minecraft:bow":1,"minecraft:purple_shulker_box":3,"minecraft:firework_rocket":64},"minecraft:used":{"minecraft:trident":1,"minecraft:netherite_sword":30,"minecraft:flint_and_steel":133,"minecraft:ender_dragon_spawn_egg":3,"minecraft:redstone":295,"minecraft:elytra":1,"minecraft:ender_chest":2,"minecraft:purple_shulker_box":7,"minecraft:white_shulker_box":3,"minecraft:soul_sand":12,"minecraft:anvil":5,"minecraft:carrot":1,"minecraft:obsidian":372,"minecraft:warden_spawn_egg":23,"minecraft:red_shulker_box":2,"minecraft:grass_block":70,"minecraft:netherite_hoe":11,"minecraft:totem_of_undying":1,"minecraft:netherite_boots":1,"minecraft:item_frame":3,"minecraft:bedrock":35,"minecraft:bow":69,"minecraft:enchanted_golden_apple":2,"minecraft:zombie_horse_spawn_egg":1,"minecraft:chiseled_bookshelf":16,"minecraft:wither_skeleton_skull":8,"minecraft:yellow_shulker_box":1,"minecraft:structure_void":1,"minecraft:sand":24,"minecraft:netherite_leggings":1,"minecraft:tnt":521,"minecraft:netherite_helmet":1,"minecraft:mule_spawn_egg":1,"minecraft:lime_shulker_box":3,"minecraft:sticky_piston":1,"minecraft:piston":1,"minecraft:lever":4,"minecraft:ender_eye":13,"minecraft:barrier":2,"minecraft:stone_button":1,"minecraft:potion":1,"minecraft:end_crystal":621,"minecraft:grindstone":1,"minecraft:end_portal_frame":13,"minecraft:experience_bottle":17},"minecraft:custom":{"minecraft:mob_kills":525,"minecraft:interact_with_anvil":8,"minecraft:open_shulker_box":41,"minecraft:leave_game":4,"minecraft:time_since_death":62951,"minecraft:climb_one_cm":394,"minecraft:damage_resisted":866,"minecraft:walk_one_cm":79961,"minecraft:drop":171,"minecraft:play_time":138539,"minecraft:sneak_time":8731,"minecraft:deaths":11,"minecraft:walk_under_water_one_cm":6231,"minecraft:jump":541,"minecraft:walk_on_water_one_cm":501,"minecraft:total_world_time":138539,"minecraft:interact_with_grindstone":1,"minecraft:time_since_rest":62987,"minecraft:damage_taken":2069,"minecraft:open_enderchest":17,"minecraft:damage_absorbed":399,"minecraft:damage_dealt":74864,"minecraft:player_kills":1,"minecraft:fly_one_cm":782106,"minecraft:crouch_one_cm":2358,"minecraft:aviate_one_cm":4734,"minecraft:fall_one_cm":7919},"minecraft:picked_up":{"minecraft:command_block_minecart":1,"minecraft:seagrass":2,"minecraft:anvil":64,"minecraft:structure_block":1,"minecraft:purple_shulker_box":6,"minecraft:string":6,"minecraft:raw_copper":9,"minecraft:flint_and_steel":25,"minecraft:cracked_stone_bricks":3,"minecraft:detector_rail":67,"minecraft:jungle_sapling":4,"minecraft:iron_pickaxe":1,"minecraft:lime_shulker_box":2,"minecraft:sandstone":268,"minecraft:stick":14,"minecraft:oak_fence":2,"minecraft:torch":11,"minecraft:cherry_log":64,"minecraft:magenta_shulker_box":1,"minecraft:carrot":2,"minecraft:tnt":256,"minecraft:red_shulker_box":3,"minecraft:arrow":21,"minecraft:command_block":1,"minecraft:rotten_flesh":424,"minecraft:beetroot_seeds":3,"minecraft:totem_of_undying":2,"minecraft:white_shulker_box":4,"minecraft:iron_bars":1,"minecraft:rail":11,"minecraft:cobblestone":236,"minecraft:barrier":64,"minecraft:yellow_shulker_box":3,"minecraft:jungle_log":18,"minecraft:leather":63,"minecraft:flint":1,"minecraft:oak_log":10,"minecraft:gunpowder":17,"minecraft:dirt":668,"minecraft:bone":18,"minecraft:stone_bricks":17,"minecraft:wheat_seeds":7,"minecraft:iron_ingot":1,"minecraft:mossy_stone_bricks":5,"minecraft:sculk_catalyst":5,"minecraft:structure_void":1,"minecraft:sand":672,"minecraft:dark_oak_log":128,"minecraft:shulker_box":1,"minecraft:oak_sapling":17,"minecraft:coal":9,"minecraft:nether_star":36,"minecraft:ender_pearl":4},"minecraft:killed_by":{"minecraft:player":2,"minecraft:creeper":1,"minecraft:drowned":1,"minecraft:skeleton":1,"minecraft:zombie":1}},"DataVersion":3700}