{"stats":{"minecraft:mined":{"minecraft:jungle_leaves":3,"minecraft:vine":1,"minecraft:jungle_log":1,"minecraft:oak_leaves":1},"minecraft:custom":{"minecraft:jump":75,"minecraft:open_chest":1,"minecraft:time_since_rest":13302,"minecraft:walk_on_water_one_cm":627,"minecraft:crouch_one_cm":157,"minecraft:damage_taken":100,"minecraft:leave_game":1,"minecraft:play_time":13302,"minecraft:time_since_death":13302,"minecraft:walk_one_cm":3547,"minecraft:sneak_time":101,"minecraft:climb_one_cm":491,"minecraft:total_world_time":13302,"minecraft:fall_one_cm":5174,"minecraft:fly_one_cm":29142},"minecraft:used":{"minecraft:jungle_log":1,"minecraft:bread":2},"minecraft:picked_up":{"minecraft:jungle_log":1}},"DataVersion":3700}