{"stats":{"minecraft:mined":{"minecraft:vine":1,"minecraft:jungle_log":1,"minecraft:jungle_leaves":3,"minecraft:oak_leaves":1},"minecraft:custom":{"minecraft:time_since_rest":581,"minecraft:open_chest":2,"minecraft:crouch_one_cm":157,"minecraft:play_time":19253,"minecraft:deaths":1,"minecraft:damage_taken":375,"minecraft:walk_one_cm":4946,"minecraft:sneak_time":101,"minecraft:jump":116,"minecraft:damage_dealt":54,"minecraft:interact_with_blast_furnace":1,"minecraft:leave_game":2,"minecraft:time_since_death":546,"minecraft:walk_on_water_one_cm":627,"minecraft:sleep_in_bed":2,"minecraft:total_world_time":19253,"minecraft:climb_one_cm":491,"minecraft:fall_one_cm":6337,"minecraft:fly_one_cm":36084},"minecraft:used":{"minecraft:bread":2,"minecraft:jungle_log":1},"minecraft:picked_up":{"minecraft:jungle_log":1},"minecraft:killed_by":{"minecraft:zombie":1}},"DataVersion":3700}