{"stats":{"minecraft:used":{"minecraft:crafting_table":1,"minecraft:wooden_pickaxe":6},"minecraft:mined":{"minecraft:oak_log":6,"minecraft:oak_leaves":7},"minecraft:picked_up":{"minecraft:stick":2,"minecraft:oak_log":6,"minecraft:oak_sapling":2},"minecraft:killed_by":{"minecraft:creeper":1,"minecraft:zombie":1},"minecraft:custom":{"minecraft:time_since_rest":448,"minecraft:walk_one_cm":2289,"minecraft:play_time":20951,"minecraft:damage_taken":549,"minecraft:deaths":2,"minecraft:sneak_time":151,"minecraft:jump":27,"minecraft:damage_dealt":70,"minecraft:leave_game":2,"minecraft:time_since_death":0,"minecraft:total_world_time":20951,"minecraft:interact_with_crafting_table":1,"minecraft:fall_one_cm":1690,"minecraft:fly_one_cm":13269},"minecraft:crafted":{"minecraft:oak_planks":24,"minecraft:crafting_table":1,"minecraft:wooden_pickaxe":1}},"DataVersion":3700}